group,signal,phase,lambda,lambda_025,lambda_500,lambda_975,N0,N0_025,N0_500,N0_975
continuous,nocursors,main,0.102032588852516,0.100973925167306,0.130344035849088,0.209817534410428,26.3612557849457,23.1277414248907,26.3629306164461,27.3955090096452
continuous,reaches,main,0.142139894143579,0.0306055194325077,0.0725334818007571,0.147544987464842,29.0809180064965,28.2835493434022,30.9506263770252,35.5472005113961
terminal,nocursors,main,0.0250271246165124,0.00777214443502033,0.0507253627138843,0.105335872930872,15.1794146153919,8.29046610527216,10.893886421554,42.9227400173056
terminal,reaches,main,0.0942632755845053,0.107728267421325,0.125242358122915,0.523237427725795,31.7063807667395,32.1294512924141,34.5357311147755,35.7796767392454
cursorjump,nocursors,main,0.0634132839078784,0.0281045807518316,0.033248082235708,0.0837565206492605,18.4084114935765,20.1057386590611,21.0106621705796,25.0111254735195
cursorjump,reaches,main,0.0925890789918777,0.0317134157581078,0.115741538201832,0.188382619210398,33.9487984332888,23.899539734077,30.4724279314293,36.7973366626156
