group,signal,phase,lambda,lambda_025,lambda_500,lambda_975,N0,N0_025,N0_500,N0_975
continuous,nocursors,main,0.0830423937542462,0.0604022878581803,0.0726953328060285,0.0810084119847238,25.0961275758466,22.2700512491028,24.7806048646636,25.5842346477252
continuous,reaches,main,0.166771067559045,0.113940264709361,0.197925586482858,0.222099471079968,30.0425433698144,29.1402647425953,29.5304655251871,31.4224081213496
terminal,nocursors,main,0.0688710541471755,0.0373919135780751,0.0715536598644,0.172903245608639,11.7645509629855,9.41771960314055,10.3073871307433,13.7903087591725
terminal,reaches,main,0.279232173289283,0.228096584396564,0.235787957057008,0.377425143726172,31.404606783148,27.9686922073312,29.9393806330012,31.9243927017283
cursorjump,nocursors,main,0.104989988946398,0.0711572943876932,0.0754930251459806,0.122854945810688,16.8063243330621,15.4123332628238,17.6813373937351,18.4802257184226
cursorjump,reaches,main,0.158737104046623,0.130571213635978,0.175866898634167,0.211767477990292,34.5358337477221,33.9192504374909,34.8162866026949,38.9685125799436
