group,signal,phase,lambda,lambda_025,lambda_500,lambda_975,N0,N0_025,N0_500,N0_975
continuous,nocursors,main,0.02696678,0.014383458,0.021999618,0.027759336,31.68905913,31.91958043,32.41658415,40.78564353
continuous,reaches,main,0.025185137,0.020862448,0.022653025,0.027696267,40.64341739,39.71990968,40.57037758,43.5513458
terminal,nocursors,main,0.008309388,0.004509259,0.006470556,0.012865259,26.29061782,21.85823654,30.93076684,46.51670959
terminal,reaches,main,0.029816658,0.024655891,0.028611011,0.036239334,37.04076837,33.54929004,38.8600479,40.16241451
cursorjump,nocursors,main,0.018508368,0.01001604,0.017823897,0.025510816,25.233284,18.73424902,26.81068868,31.72068366
cursorjump,reaches,main,0.024975705,0.019493197,0.022183617,0.03192889,38.79754177,37.63902347,42.07162451,42.87617577