lambda,N0
0.0645517214810215,45.7871156468008
0.0657474374210771,45.7871156468008
0.0544524299237612,45.7871156468008
0.0651548074687815,45.7871156468008
0.056975939927387,45.7871156468008
