lambda,N0
0.126805814027832,22.8896927234235
0.0906663568461786,24.7504214753626
0.110936482122342,26.091372594373
0.116088140114033,22.4670354757383
0.0774678049626061,21.7731576202784
