lambda,N0
0,47.0051153054276
0,47.0051153054276
0,47.0051153054276
0,47.0051153054276
0,47.0051153054276
