lambda,N0
0.210926449889561,22.9925486146186
0.130344035849088,26.3629306164461
0.199837295098229,24.3444767173394
0.122571949198141,27.4423171691529
0.0985741447194353,26.9742355740754
