lambda,N0
0.191101583530192,26.4686956207234
0.18112051222286,27.9909017539525
0.0890448909496134,25.2127961868345
0.109985438253887,25.7499399177832
0.0664109618168297,28.9150462886047
