lambda,N0
0.0371596467195198,23.805657531416
0.0303468738476192,23.1995116462507
0.0374437296748668,22.5511802232599
0.0311422376238615,24.016579820005
0.0388958941832951,23.5911176753588
