lambda,N0
0.0445999796893692,32.9384383988607
0.0290505794039675,35.8370629683445
0.0725334818007571,30.9506263770252
0.132371288389089,28.2168586754483
0.149230954028815,28.8837653549874
