lambda,N0
0.136231531438406,45.7871156468008
0.0979459537536489,45.7871156468008
0.11709929989981,45.7871156468008
0.0970270526420718,45.7871156468008
0.0962473382554238,45.7871156468008
