lambda,N0
0.101594655610031,19.6802968232364
0.111763251907479,21.6244628206922
0.0899572279132099,23.5418815483117
0.101168170775295,21.8381638151241
0.0909075554200576,18.116489658111
