lambda,N0
0.126876791659924,53.1216859611337
0.173194358629988,53.1216859611337
0.215096502633622,53.1216859611337
0.166892625695334,53.1216859611337
0.21909202135293,53.1216859611337
