lambda,N0
0.0945732160732268,22.3662418814314
0.122084922706887,23.9261913127922
0.0985950714454231,27.1972747384975
0.143227753728132,21.8484237755322
0.0793686179977065,22.14354746178
