lambda,N0
0.0624327199376588,45.7871156468008
0.0672808168727367,45.7871156468008
0.0665873083169919,45.7871156468008
0.0681438547580837,45.7871156468008
0.0558374260194171,45.7871156468008
