lambda,N0
0.0729904916390689,26.2943475281568
0.128446407021121,26.4555107931808
0.193058726172748,25.7816463221954
0.102845023999578,26.7214375823708
0.306135326431025,26.0521735675277
