lambda,N0
0.0791716168766989,23.193054053212
0.068907509397132,25.6440666990573
0.0812125003300599,24.7806048646636
0.0594572632427412,25.0457461857365
0.0726953328060285,22.1674953819796
