lambda,N0
0.153157531413403,32.6211916260532
0.182475097979936,32.2289332019198
0.164274297130896,33.731563801659
0.219736239191491,32.557931836668
0.187045327763812,34.3007857465891
0.14404580894816,32.9096850347898
0.206116024578513,33.0597509704764
0.236635349608305,33.4613317663122
0.20833914686591,32.9393225432379
0.191575701402607,32.3100229143618
