lambda,N0
0.0946733919977344,53.1216859611337
0.179753270908832,53.1216859611337
0.127523763784603,53.1216859611337
0.135501449992823,53.1216859611337
0.157872655846955,53.1216859611337
