lambda,N0
0.12391740283081,31.6109626754767
0.112831693806978,29.5304655251871
0.222136822058393,29.7254171342062
0.221763312274145,29.2753334429246
0.197925586482858,29.1252571092254
