lambda,N0
0.0661581895578458,15.8867097318573
0.081447563297402,17.9463838175547
0.126954303188878,17.9414886323063
0.092372668889639,15.8419359705459
0.0980513986836274,13.7851083214906
0.172242030750895,16.8847794795403
0.220329588273739,17.6071621729774
0.0970111235859159,18.494866019502
0.220284077622997,15.1304213612917
0.163469148595906,16.322358223079
