lambda,N0
0.0255903759647931,29.7609155007386
0.0271809798866796,36.3385515994197
0.0241900881230291,37.3994391530957
0.0169614463647266,38.0246981452477
0.0393418702813466,34.0811599898566
