lambda,N0
0.166392499128351,67.1417227894118
0.124645532911593,67.1417227894118
0.206162581685816,67.1417227894118
0.118094607973398,67.1417227894118
0.127815433962664,67.1417227894118
