lambda,N0
0.0765084519387681,15.334786046496
0.0742543221148709,18.4226609329399
0.0708131801957845,16.1102582097744
0.0754930251459806,18.4866218056985
0.128004556240901,17.6813373937351
