lambda,N0
0.0477966110860679,15.6973944818776
0.0615078471548423,19.5764637878224
0.0503594350480981,17.4755810762327
0.055036268456081,23.5858919429833
0.0360357977388681,13.2954062837549
