lambda,N0
0,40.5291692386303
0,40.5291692386303
0,40.5291692386303
0,40.5291692386303
0,40.5291692386303
