lambda,N0
0.0529919996582601,18.0891963874582
0.0600854826586354,18.0891963874582
0.0501048632629474,18.0891963874582
0.0426517508720965,18.0891963874582
0.059286429756585,18.0891963874582
