lambda,N0
0.147270494440978,8.34257770113359
0.0329121842888737,9.13476044190379
0.133256591315726,6.68012304251843
0.0358909165206325,11.0519241433569
0.0317557203158907,9.18958963903017
