lambda,N0
0.0154992869865535,36.9231674686978
0.0232504256278382,33.3869341142411
0.0441234300280002,29.3629052872371
0.0336142325948768,30.9744190739561
0.027116698389525,41.1836721935862
