lambda,N0
0.161145801987013,18.0891963874582
0.103951961597741,18.0891963874582
0.18535194310772,18.0891963874582
0.119819435475716,18.0891963874582
0.115399512884744,18.0891963874582
