lambda,N0
0.733221561609808,67.1417227894118
0.369455727660586,67.1417227894118
0.43551128989444,67.1417227894118
0.379337875010779,67.1417227894118
0.410728345298846,67.1417227894118
