lambda,N0
0.027850223439512,21.0106621705796
0.0847669692033607,20.0475888046063
0.0746624836623588,20.6290873491547
0.0303937965627079,24.4627205838787
0.033248082235708,25.0720593501462
