lambda,N0
0.0539066726285888,8.47848151976042
0.0283755600892022,12.5319735832735
0.093973458016141,8.84706378149341
0.0573183475146315,8.68311355987209
0.0504984083411333,9.14735171550621
