lambda,N0
0.118933261779318,39.9225862028695
0.1325478334463,39.8464591168442
0.238455665793287,40.1281632421398
0.232159601539729,40.2712850002175
0.158560158011882,40.4571908461581
0.197101383552866,42.0113528006841
0.168808316648391,41.186477946651
0.183197594562585,40.4775365049501
0.24582075223874,41.2542936737235
0.144006500051915,38.5890450706314
