lambda,N0
0.101841352138453,30.4724279314293
0.0239214228269583,30.4138468542814
0.130948314870283,37.1782591850574
0.194764208581522,23.1757278318321
0.115741538201832,33.3690339606396
