lambda,N0
0.127300359413586,34.5878264043736
0.183731580259007,33.8449642189484
0.175866898634167,35.7042034232384
0.160008901637505,39.3312135973553
0.214882577738213,34.8162866026949
