lambda,N0
0.0034367390209494,46.3894454163041
0.10763681325117,8.20166881811413
0.0467907931616587,9.08964168969447
0.0507253627138843,10.893886421554
0.0846274100481892,11.722391426319
