lambda,N0
0.094726011904773,16.0060501196998
0.0810974004347738,19.3861053108
0.144632069703943,14.8136362516592
0.103919540124553,16.6391047911802
0.0748715640323555,14.7787567370723
0.0642016008660461,17.9161406189232
0.0998319919832523,14.6316475205204
0.0816595413606098,15.7718679301235
0.0663975407724582,19.2249528880025
0.0717559221227297,15.5479914849262
