lambda,N0
0.10801821556236,17.6597962178883
0.0885913773244022,17.6597962178883
0.10501037405129,17.6597962178883
0.146523143487709,17.6597962178883
0.109706676143425,17.6597962178883
