lambda,N0
0,42.9359784775517
0,42.9359784775517
0,42.9359784775517
0,42.9359784775517
0,42.9359784775517
