lambda,N0
0.0286659268999183,42.9681000133162
0.0531711211839987,37.0759509372512
0.0222482633150876,39.301098577396
0.0205956895774989,35.0977369594825
0.0165566242205792,45.0851124549565
