lambda,N0
0.0968685549844721,10.5111626301821
0.193690127883075,10.2217622222977
0.132384916668035,7.32671462309869
0.0910145288713477,5.20674108648523
0.0790576799825674,8.07358671883487
