lambda,N0
0.125242358122915,32.0349305065075
0.124973074078518,35.8775573786455
0.137264818143576,32.9801383655737
0.56612327323493,34.5357311147755
0.105812177792748,34.8987509846445
