lambda,N0
0.0126592846426016,53.1612517860497
0.0115996955592828,36.2492621586356
0.0197657144308775,38.544161469945
0.008682416252475,52.5702142876982
0.0338993545582784,36.3086873124257
