lambda,N0
0.261478295633548,75.3575687196549
0.382043292388445,75.3575687196549
0.232879521359149,75.3575687196549
0.251754824191145,75.3575687196549
0.383741175188631,75.3575687196549
