lambda,N0
0.232687625656307,17.6597962178883
0.488841556317053,17.6597962178883
0.386909976115249,17.6597962178883
0.212002444594862,17.6597962178883
1,17.6597962178883
