lambda,N0
0.0649029815222742,21.2589614795807
0.0476416845379377,17.5406907369744
0.0743380556743782,26.1237042750242
0.0787814625052719,25.1371498563852
0.0757231835244967,20.7063001292649
