lambda,N0
0.176747685804279,11.2813611644895
0.043403249475523,10.3073871307433
0.138303283847883,9.33398807551782
0.0367239873672476,14.0690807141373
0.0715536598644,10.1713033517451
