lambda,N0
0.273033076409935,36.1341741141181
0.337381254785067,38.2028274868731
0.327004662256319,39.2282074043032
0.305477123711355,35.6050973234981
0.228302165249008,36.7983557478366
0.356479364068549,39.3533774535085
0.292201499190928,36.9409983213655
0.262810836628324,37.5695258571147
0.257631399533635,39.8397164137898
0.259327161449561,38.6750788894594
