lambda,N0
0.155457555903942,75.3575687196549
0.226021748534813,75.3575687196549
0.223686712760688,75.3575687196549
0.144962882174364,75.3575687196549
0.204586547286986,75.3575687196549
