lambda,N0
0.253544153685366,7.16946539075159
0.11333481078847,10.9904945228532
0.151445369163229,8.14986970902363
0.252441247464314,7.89624088219887
0.151911078164706,8.63248806026347
