lambda,N0
0.227901085832138,32.0185874928113
0.384957110294374,31.0766395819813
0.229856071476399,29.8464959061114
0.30963744461235,29.9393806330012
0.235787957057008,27.7600473519112
